participant,match_id,group,local,visitor,pick
Cota,1,A,México,Sudáfrica,L
Cota,2,A,Corea del Sur,Chequia,L
Cota,3,A,Chequia,Sudáfrica,E
Cota,4,A,México,Corea del Sur,L
Cota,5,A,Sudáfrica,Corea del Sur,L
Cota,6,A,Chequia,México,E
Cota,7,B,Canadá,Bosnia y Herzegovina,L
Cota,8,B,Qatar,Suiza,V
Cota,9,B,Suiza,Bosnia y Herzegovina,E
Cota,10,B,Canadá,Qatar,L
Cota,11,B,Suiza,Canadá,E
Cota,12,B,Bosnia y Herzegovina,Qatar,V
Cota,13,C,Brasil,Marruecos,E
Cota,14,C,Haití,Escocia,V
Cota,15,C,Escocia,Marruecos,V
Cota,16,C,Brasil,Haití,L
Cota,17,C,Escocia,Brasil,E
Cota,18,C,Marruecos,Haití,L
Cota,19,D,Estados Unidos,Paraguay,E
Cota,20,D,Australia,Turquía,E
Cota,21,D,Estados Unidos,Australia,L
Cota,22,D,Turquía,Paraguay,V
Cota,23,D,Turquía,Estados Unidos,E
Cota,24,D,Paraguay,Australia,L
Cota,25,E,Alemania,Curazao,L
Cota,26,E,Costa de Marfil,Ecuador,V
Cota,27,E,Alemania,Costa de Marfil,L
Cota,28,E,Ecuador,Curazao,L
Cota,29,E,Curazao,Costa de Marfil,V
Cota,30,E,Ecuador,Alemania,V
Cota,31,F,Países Bajos,Japón,E
Cota,32,F,Suecia,Túnez,L
Cota,33,F,Países Bajos,Suecia,E
Cota,34,F,Túnez,Japón,V
Cota,35,F,Japón,Suecia,L
Cota,36,F,Túnez,Países Bajos,V
Cota,37,G,Bélgica,Egipto,L
Cota,38,G,Irán,Nueva Zelanda,V
Cota,39,G,Bélgica,Irán,E
Cota,40,G,Nueva Zelanda,Egipto,L
Cota,41,G,Egipto,Irán,E
Cota,42,G,Nueva Zelanda,Bélgica,V
Cota,43,H,España,Cabo Verde,L
Cota,44,H,Arabia Saudita,Uruguay,V
Cota,45,H,España,Arabia Saudita,L
Cota,46,H,Uruguay,Cabo Verde,L
Cota,47,H,Cabo Verde,Arabia Saudita,V
Cota,48,H,Uruguay,España,E
Cota,49,I,Francia,Senegal,L
Cota,50,I,Irak,Noruega,V
Cota,51,I,Francia,Irak,L
Cota,52,I,Noruega,Senegal,E
Cota,53,I,Noruega,Francia,E
Cota,54,I,Senegal,Irak,L
Cota,55,J,Argentina,Argelia,L
Cota,56,J,Austria,Jordania,E
Cota,57,J,Argentina,Austria,L
Cota,58,J,Jordania,Argelia,V
Cota,59,J,Argelia,Austria,E
Cota,60,J,Jordania,Argentina,V
Cota,61,K,Portugal,RD Congo,L
Cota,62,K,Uzbekistán,Colombia,V
Cota,63,K,Portugal,Uzbekistán,L
Cota,64,K,Colombia,RD Congo,L
Cota,65,K,Colombia,Portugal,E
Cota,66,K,RD Congo,Uzbekistán,E
Cota,67,L,Inglaterra,Croacia,E
Cota,68,L,Ghana,Panamá,V
Cota,69,L,Inglaterra,Ghana,L
Cota,70,L,Panamá,Croacia,V
Cota,71,L,Panamá,Inglaterra,V
Cota,72,L,Croacia,Ghana,L
Edson,1,A,México,Sudáfrica,L
Edson,2,A,Corea del Sur,Chequia,E
Edson,3,A,Chequia,Sudáfrica,V
Edson,4,A,México,Corea del Sur,L
Edson,5,A,Sudáfrica,Corea del Sur,V
Edson,6,A,Chequia,México,V
Edson,7,B,Canadá,Bosnia y Herzegovina,E
Edson,8,B,Qatar,Suiza,L
Edson,9,B,Suiza,Bosnia y Herzegovina,L
Edson,10,B,Canadá,Qatar,V
Edson,11,B,Suiza,Canadá,L
Edson,12,B,Bosnia y Herzegovina,Qatar,E
Edson,13,C,Brasil,Marruecos,L
Edson,14,C,Haití,Escocia,V
Edson,15,C,Escocia,Marruecos,V
Edson,16,C,Brasil,Haití,L
Edson,17,C,Escocia,Brasil,E
Edson,18,C,Marruecos,Haití,L
Edson,19,D,Estados Unidos,Paraguay,V
Edson,20,D,Australia,Turquía,E
Edson,21,D,Estados Unidos,Australia,L
Edson,22,D,Turquía,Paraguay,E
Edson,23,D,Turquía,Estados Unidos,L
Edson,24,D,Paraguay,Australia,L
Edson,25,E,Alemania,Curazao,L
Edson,26,E,Costa de Marfil,Ecuador,L
Edson,27,E,Alemania,Costa de Marfil,E
Edson,28,E,Ecuador,Curazao,L
Edson,29,E,Curazao,Costa de Marfil,V
Edson,30,E,Ecuador,Alemania,E
Edson,31,F,Países Bajos,Japón,L
Edson,32,F,Suecia,Túnez,L
Edson,33,F,Países Bajos,Suecia,L
Edson,34,F,Túnez,Japón,V
Edson,35,F,Japón,Suecia,E
Edson,36,F,Túnez,Países Bajos,V
Edson,37,G,Bélgica,Egipto,L
Edson,38,G,Irán,Nueva Zelanda,L
Edson,39,G,Bélgica,Irán,E
Edson,40,G,Nueva Zelanda,Egipto,V
Edson,41,G,Egipto,Irán,V
Edson,42,G,Nueva Zelanda,Bélgica,V
Edson,43,H,España,Cabo Verde,L
Edson,44,H,Arabia Saudita,Uruguay,V
Edson,45,H,España,Arabia Saudita,L
Edson,46,H,Uruguay,Cabo Verde,L
Edson,47,H,Cabo Verde,Arabia Saudita,V
Edson,48,H,Uruguay,España,E
Edson,49,I,Francia,Senegal,L
Edson,50,I,Irak,Noruega,V
Edson,51,I,Francia,Irak,L
Edson,52,I,Noruega,Senegal,V
Edson,53,I,Noruega,Francia,V
Edson,54,I,Senegal,Irak,L
Edson,55,J,Argentina,Argelia,L
Edson,56,J,Austria,Jordania,L
Edson,57,J,Argentina,Austria,E
Edson,58,J,Jordania,Argelia,V
Edson,59,J,Argelia,Austria,L
Edson,60,J,Jordania,Argentina,V
Edson,61,K,Portugal,RD Congo,L
Edson,62,K,Uzbekistán,Colombia,V
Edson,63,K,Portugal,Uzbekistán,L
Edson,64,K,Colombia,RD Congo,L
Edson,65,K,Colombia,Portugal,E
Edson,66,K,RD Congo,Uzbekistán,V
Edson,67,L,Inglaterra,Croacia,V
Edson,68,L,Ghana,Panamá,L
Edson,69,L,Inglaterra,Ghana,E
Edson,70,L,Panamá,Croacia,V
Edson,71,L,Panamá,Inglaterra,E
Edson,72,L,Croacia,Ghana,V
Emmanuel,1,A,México,Sudáfrica,L
Emmanuel,2,A,Corea del Sur,Chequia,E
Emmanuel,3,A,Chequia,Sudáfrica,L
Emmanuel,4,A,México,Corea del Sur,E
Emmanuel,5,A,Sudáfrica,Corea del Sur,V
Emmanuel,6,A,Chequia,México,V
Emmanuel,7,B,Canadá,Bosnia y Herzegovina,E
Emmanuel,8,B,Qatar,Suiza,V
Emmanuel,9,B,Suiza,Bosnia y Herzegovina,L
Emmanuel,10,B,Canadá,Qatar,L
Emmanuel,11,B,Suiza,Canadá,L
Emmanuel,12,B,Bosnia y Herzegovina,Qatar,L
Emmanuel,13,C,Brasil,Marruecos,L
Emmanuel,14,C,Haití,Escocia,V
Emmanuel,15,C,Escocia,Marruecos,E
Emmanuel,16,C,Brasil,Haití,L
Emmanuel,17,C,Escocia,Brasil,E
Emmanuel,18,C,Marruecos,Haití,L
Emmanuel,19,D,Estados Unidos,Paraguay,L
Emmanuel,20,D,Australia,Turquía,V
Emmanuel,21,D,Estados Unidos,Australia,E
Emmanuel,22,D,Turquía,Paraguay,L
Emmanuel,23,D,Turquía,Estados Unidos,L
Emmanuel,24,D,Paraguay,Australia,E
Emmanuel,25,E,Alemania,Curazao,L
Emmanuel,26,E,Costa de Marfil,Ecuador,E
Emmanuel,27,E,Alemania,Costa de Marfil,L
Emmanuel,28,E,Ecuador,Curazao,L
Emmanuel,29,E,Curazao,Costa de Marfil,V
Emmanuel,30,E,Ecuador,Alemania,E
Emmanuel,31,F,Países Bajos,Japón,V
Emmanuel,32,F,Suecia,Túnez,L
Emmanuel,33,F,Países Bajos,Suecia,E
Emmanuel,34,F,Túnez,Japón,V
Emmanuel,35,F,Japón,Suecia,E
Emmanuel,36,F,Túnez,Países Bajos,V
Emmanuel,37,G,Bélgica,Egipto,L
Emmanuel,38,G,Irán,Nueva Zelanda,L
Emmanuel,39,G,Bélgica,Irán,L
Emmanuel,40,G,Nueva Zelanda,Egipto,V
Emmanuel,41,G,Egipto,Irán,L
Emmanuel,42,G,Nueva Zelanda,Bélgica,V
Emmanuel,43,H,España,Cabo Verde,L
Emmanuel,44,H,Arabia Saudita,Uruguay,V
Emmanuel,45,H,España,Arabia Saudita,L
Emmanuel,46,H,Uruguay,Cabo Verde,L
Emmanuel,47,H,Cabo Verde,Arabia Saudita,V
Emmanuel,48,H,Uruguay,España,E
Emmanuel,49,I,Francia,Senegal,E
Emmanuel,50,I,Irak,Noruega,V
Emmanuel,51,I,Francia,Irak,L
Emmanuel,52,I,Noruega,Senegal,E
Emmanuel,53,I,Noruega,Francia,E
Emmanuel,54,I,Senegal,Irak,L
Emmanuel,55,J,Argentina,Argelia,L
Emmanuel,56,J,Austria,Jordania,L
Emmanuel,57,J,Argentina,Austria,E
Emmanuel,58,J,Jordania,Argelia,V
Emmanuel,59,J,Argelia,Austria,V
Emmanuel,60,J,Jordania,Argentina,V
Emmanuel,61,K,Portugal,RD Congo,L
Emmanuel,62,K,Uzbekistán,Colombia,V
Emmanuel,63,K,Portugal,Uzbekistán,L
Emmanuel,64,K,Colombia,RD Congo,L
Emmanuel,65,K,Colombia,Portugal,V
Emmanuel,66,K,RD Congo,Uzbekistán,L
Emmanuel,67,L,Inglaterra,Croacia,L
Emmanuel,68,L,Ghana,Panamá,L
Emmanuel,69,L,Inglaterra,Ghana,L
Emmanuel,70,L,Panamá,Croacia,V
Emmanuel,71,L,Panamá,Inglaterra,V
Emmanuel,72,L,Croacia,Ghana,L
Fernando,1,A,México,Sudáfrica,L
Fernando,2,A,Corea del Sur,Chequia,L
Fernando,3,A,Chequia,Sudáfrica,L
Fernando,4,A,México,Corea del Sur,E
Fernando,5,A,Sudáfrica,Corea del Sur,V
Fernando,6,A,Chequia,México,V
Fernando,7,B,Canadá,Bosnia y Herzegovina,L
Fernando,8,B,Qatar,Suiza,V
Fernando,9,B,Suiza,Bosnia y Herzegovina,L
Fernando,10,B,Canadá,Qatar,L
Fernando,11,B,Suiza,Canadá,E
Fernando,12,B,Bosnia y Herzegovina,Qatar,L
Fernando,13,C,Brasil,Marruecos,E
Fernando,14,C,Haití,Escocia,V
Fernando,15,C,Escocia,Marruecos,V
Fernando,16,C,Brasil,Haití,L
Fernando,17,C,Escocia,Brasil,V
Fernando,18,C,Marruecos,Haití,L
Fernando,19,D,Estados Unidos,Paraguay,L
Fernando,20,D,Australia,Turquía,V
Fernando,21,D,Estados Unidos,Australia,L
Fernando,22,D,Turquía,Paraguay,E
Fernando,23,D,Turquía,Estados Unidos,V
Fernando,24,D,Paraguay,Australia,L
Fernando,25,E,Alemania,Curazao,L
Fernando,26,E,Costa de Marfil,Ecuador,E
Fernando,27,E,Alemania,Costa de Marfil,L
Fernando,28,E,Ecuador,Curazao,L
Fernando,29,E,Curazao,Costa de Marfil,V
Fernando,30,E,Ecuador,Alemania,V
Fernando,31,F,Países Bajos,Japón,E
Fernando,32,F,Suecia,Túnez,L
Fernando,33,F,Países Bajos,Suecia,L
Fernando,34,F,Túnez,Japón,V
Fernando,35,F,Japón,Suecia,L
Fernando,36,F,Túnez,Países Bajos,V
Fernando,37,G,Bélgica,Egipto,L
Fernando,38,G,Irán,Nueva Zelanda,L
Fernando,39,G,Bélgica,Irán,L
Fernando,40,G,Nueva Zelanda,Egipto,V
Fernando,41,G,Egipto,Irán,L
Fernando,42,G,Nueva Zelanda,Bélgica,V
Fernando,43,H,España,Cabo Verde,L
Fernando,44,H,Arabia Saudita,Uruguay,V
Fernando,45,H,España,Arabia Saudita,L
Fernando,46,H,Uruguay,Cabo Verde,L
Fernando,47,H,Cabo Verde,Arabia Saudita,V
Fernando,48,H,Uruguay,España,V
Fernando,49,I,Francia,Senegal,L
Fernando,50,I,Irak,Noruega,V
Fernando,51,I,Francia,Irak,L
Fernando,52,I,Noruega,Senegal,L
Fernando,53,I,Noruega,Francia,V
Fernando,54,I,Senegal,Irak,L
Fernando,55,J,Argentina,Argelia,L
Fernando,56,J,Austria,Jordania,L
Fernando,57,J,Argentina,Austria,L
Fernando,58,J,Jordania,Argelia,V
Fernando,59,J,Argelia,Austria,V
Fernando,60,J,Jordania,Argentina,V
Fernando,61,K,Portugal,RD Congo,L
Fernando,62,K,Uzbekistán,Colombia,V
Fernando,63,K,Portugal,Uzbekistán,L
Fernando,64,K,Colombia,RD Congo,L
Fernando,65,K,Colombia,Portugal,E
Fernando,66,K,RD Congo,Uzbekistán,V
Fernando,67,L,Inglaterra,Croacia,E
Fernando,68,L,Ghana,Panamá,L
Fernando,69,L,Inglaterra,Ghana,L
Fernando,70,L,Panamá,Croacia,V
Fernando,71,L,Panamá,Inglaterra,V
Fernando,72,L,Croacia,Ghana,L
Priscilla,1,A,México,Sudáfrica,L
Priscilla,2,A,Corea del Sur,Chequia,L
Priscilla,3,A,Chequia,Sudáfrica,E
Priscilla,4,A,México,Corea del Sur,L
Priscilla,5,A,Sudáfrica,Corea del Sur,V
Priscilla,6,A,Chequia,México,V
Priscilla,7,B,Canadá,Bosnia y Herzegovina,L
Priscilla,8,B,Qatar,Suiza,E
Priscilla,9,B,Suiza,Bosnia y Herzegovina,L
Priscilla,10,B,Canadá,Qatar,L
Priscilla,11,B,Suiza,Canadá,E
Priscilla,12,B,Bosnia y Herzegovina,Qatar,E
Priscilla,13,C,Brasil,Marruecos,L
Priscilla,14,C,Haití,Escocia,V
Priscilla,15,C,Escocia,Marruecos,V
Priscilla,16,C,Brasil,Haití,L
Priscilla,17,C,Escocia,Brasil,V
Priscilla,18,C,Marruecos,Haití,L
Priscilla,19,D,Estados Unidos,Paraguay,L
Priscilla,20,D,Australia,Turquía,V
Priscilla,21,D,Estados Unidos,Australia,L
Priscilla,22,D,Turquía,Paraguay,E
Priscilla,23,D,Turquía,Estados Unidos,V
Priscilla,24,D,Paraguay,Australia,E
Priscilla,25,E,Alemania,Curazao,L
Priscilla,26,E,Costa de Marfil,Ecuador,V
Priscilla,27,E,Alemania,Costa de Marfil,L
Priscilla,28,E,Ecuador,Curazao,L
Priscilla,29,E,Curazao,Costa de Marfil,E
Priscilla,30,E,Ecuador,Alemania,V
Priscilla,31,F,Países Bajos,Japón,L
Priscilla,32,F,Suecia,Túnez,E
Priscilla,33,F,Países Bajos,Suecia,L
Priscilla,34,F,Túnez,Japón,V
Priscilla,35,F,Japón,Suecia,L
Priscilla,36,F,Túnez,Países Bajos,V
Priscilla,37,G,Bélgica,Egipto,L
Priscilla,38,G,Irán,Nueva Zelanda,L
Priscilla,39,G,Bélgica,Irán,L
Priscilla,40,G,Nueva Zelanda,Egipto,L
Priscilla,41,G,Egipto,Irán,E
Priscilla,42,G,Nueva Zelanda,Bélgica,V
Priscilla,43,H,España,Cabo Verde,L
Priscilla,44,H,Arabia Saudita,Uruguay,V
Priscilla,45,H,España,Arabia Saudita,L
Priscilla,46,H,Uruguay,Cabo Verde,L
Priscilla,47,H,Cabo Verde,Arabia Saudita,V
Priscilla,48,H,Uruguay,España,V
Priscilla,49,I,Francia,Senegal,L
Priscilla,50,I,Irak,Noruega,V
Priscilla,51,I,Francia,Irak,L
Priscilla,52,I,Noruega,Senegal,L
Priscilla,53,I,Noruega,Francia,V
Priscilla,54,I,Senegal,Irak,E
Priscilla,55,J,Argentina,Argelia,L
Priscilla,56,J,Austria,Jordania,L
Priscilla,57,J,Argentina,Austria,L
Priscilla,58,J,Jordania,Argelia,V
Priscilla,59,J,Argelia,Austria,V
Priscilla,60,J,Jordania,Argentina,V
Priscilla,61,K,Portugal,RD Congo,L
Priscilla,62,K,Uzbekistán,Colombia,V
Priscilla,63,K,Portugal,Uzbekistán,L
Priscilla,64,K,Colombia,RD Congo,L
Priscilla,65,K,Colombia,Portugal,V
Priscilla,66,K,RD Congo,Uzbekistán,E
Priscilla,67,L,Inglaterra,Croacia,E
Priscilla,68,L,Ghana,Panamá,V
Priscilla,69,L,Inglaterra,Ghana,L
Priscilla,70,L,Panamá,Croacia,V
Priscilla,71,L,Panamá,Inglaterra,V
Priscilla,72,L,Croacia,Ghana,L
Sara,1,A,México,Sudáfrica,L
Sara,2,A,Corea del Sur,Chequia,L
Sara,3,A,Chequia,Sudáfrica,V
Sara,4,A,México,Corea del Sur,V
Sara,5,A,Sudáfrica,Corea del Sur,L
Sara,6,A,Chequia,México,V
Sara,7,B,Canadá,Bosnia y Herzegovina,V
Sara,8,B,Qatar,Suiza,L
Sara,9,B,Suiza,Bosnia y Herzegovina,L
Sara,10,B,Canadá,Qatar,L
Sara,11,B,Suiza,Canadá,V
Sara,12,B,Bosnia y Herzegovina,Qatar,V
Sara,13,C,Brasil,Marruecos,L
Sara,14,C,Haití,Escocia,V
Sara,15,C,Escocia,Marruecos,V
Sara,16,C,Brasil,Haití,L
Sara,17,C,Escocia,Brasil,V
Sara,18,C,Marruecos,Haití,L
Sara,19,D,Estados Unidos,Paraguay,L
Sara,20,D,Australia,Turquía,V
Sara,21,D,Estados Unidos,Australia,L
Sara,22,D,Turquía,Paraguay,E
Sara,23,D,Turquía,Estados Unidos,L
Sara,24,D,Paraguay,Australia,L
Sara,25,E,Alemania,Curazao,L
Sara,26,E,Costa de Marfil,Ecuador,L
Sara,27,E,Alemania,Costa de Marfil,L
Sara,28,E,Ecuador,Curazao,V
Sara,29,E,Curazao,Costa de Marfil,V
Sara,30,E,Ecuador,Alemania,V
Sara,31,F,Países Bajos,Japón,V
Sara,32,F,Suecia,Túnez,L
Sara,33,F,Países Bajos,Suecia,V
Sara,34,F,Túnez,Japón,V
Sara,35,F,Japón,Suecia,L
Sara,36,F,Túnez,Países Bajos,V
Sara,37,G,Bélgica,Egipto,V
Sara,38,G,Irán,Nueva Zelanda,L
Sara,39,G,Bélgica,Irán,L
Sara,40,G,Nueva Zelanda,Egipto,V
Sara,41,G,Egipto,Irán,L
Sara,42,G,Nueva Zelanda,Bélgica,V
Sara,43,H,España,Cabo Verde,L
Sara,44,H,Arabia Saudita,Uruguay,L
Sara,45,H,España,Arabia Saudita,L
Sara,46,H,Uruguay,Cabo Verde,L
Sara,47,H,Cabo Verde,Arabia Saudita,L
Sara,48,H,Uruguay,España,V
Sara,49,I,Francia,Senegal,L
Sara,50,I,Irak,Noruega,L
Sara,51,I,Francia,Irak,V
Sara,52,I,Noruega,Senegal,L
Sara,53,I,Noruega,Francia,L
Sara,54,I,Senegal,Irak,V
Sara,55,J,Argentina,Argelia,L
Sara,56,J,Austria,Jordania,L
Sara,57,J,Argentina,Austria,L
Sara,58,J,Jordania,Argelia,V
Sara,59,J,Argelia,Austria,V
Sara,60,J,Jordania,Argentina,V
Sara,61,K,Portugal,RD Congo,L
Sara,62,K,Uzbekistán,Colombia,V
Sara,63,K,Portugal,Uzbekistán,L
Sara,64,K,Colombia,RD Congo,L
Sara,65,K,Colombia,Portugal,V
Sara,66,K,RD Congo,Uzbekistán,L
Sara,67,L,Inglaterra,Croacia,L
Sara,68,L,Ghana,Panamá,L
Sara,69,L,Inglaterra,Ghana,L
Sara,70,L,Panamá,Croacia,V
Sara,71,L,Panamá,Inglaterra,V
Sara,72,L,Croacia,Ghana,L
Uziel,1,A,México,Sudáfrica,L
Uziel,2,A,Corea del Sur,Chequia,L
Uziel,3,A,Chequia,Sudáfrica,L
Uziel,4,A,México,Corea del Sur,E
Uziel,5,A,Sudáfrica,Corea del Sur,V
Uziel,6,A,Chequia,México,V
Uziel,7,B,Canadá,Bosnia y Herzegovina,L
Uziel,8,B,Qatar,Suiza,V
Uziel,9,B,Suiza,Bosnia y Herzegovina,L
Uziel,10,B,Canadá,Qatar,L
Uziel,11,B,Suiza,Canadá,E
Uziel,12,B,Bosnia y Herzegovina,Qatar,V
Uziel,13,C,Brasil,Marruecos,L
Uziel,14,C,Haití,Escocia,V
Uziel,15,C,Escocia,Marruecos,V
Uziel,16,C,Brasil,Haití,L
Uziel,17,C,Escocia,Brasil,V
Uziel,18,C,Marruecos,Haití,L
Uziel,19,D,Estados Unidos,Paraguay,L
Uziel,20,D,Australia,Turquía,V
Uziel,21,D,Estados Unidos,Australia,E
Uziel,22,D,Turquía,Paraguay,L
Uziel,23,D,Turquía,Estados Unidos,E
Uziel,24,D,Paraguay,Australia,L
Uziel,25,E,Alemania,Curazao,L
Uziel,26,E,Costa de Marfil,Ecuador,L
Uziel,27,E,Alemania,Costa de Marfil,L
Uziel,28,E,Ecuador,Curazao,L
Uziel,29,E,Curazao,Costa de Marfil,V
Uziel,30,E,Ecuador,Alemania,V
Uziel,31,F,Países Bajos,Japón,L
Uziel,32,F,Suecia,Túnez,L
Uziel,33,F,Países Bajos,Suecia,L
Uziel,34,F,Túnez,Japón,V
Uziel,35,F,Japón,Suecia,L
Uziel,36,F,Túnez,Países Bajos,V
Uziel,37,G,Bélgica,Egipto,L
Uziel,38,G,Irán,Nueva Zelanda,L
Uziel,39,G,Bélgica,Irán,L
Uziel,40,G,Nueva Zelanda,Egipto,E
Uziel,41,G,Egipto,Irán,V
Uziel,42,G,Nueva Zelanda,Bélgica,V
Uziel,43,H,España,Cabo Verde,L
Uziel,44,H,Arabia Saudita,Uruguay,V
Uziel,45,H,España,Arabia Saudita,L
Uziel,46,H,Uruguay,Cabo Verde,L
Uziel,47,H,Cabo Verde,Arabia Saudita,V
Uziel,48,H,Uruguay,España,L
Uziel,49,I,Francia,Senegal,L
Uziel,50,I,Irak,Noruega,V
Uziel,51,I,Francia,Irak,L
Uziel,52,I,Noruega,Senegal,L
Uziel,53,I,Noruega,Francia,E
Uziel,54,I,Senegal,Irak,L
Uziel,55,J,Argentina,Argelia,L
Uziel,56,J,Austria,Jordania,L
Uziel,57,J,Argentina,Austria,L
Uziel,58,J,Jordania,Argelia,V
Uziel,59,J,Argelia,Austria,V
Uziel,60,J,Jordania,Argentina,V
Uziel,61,K,Portugal,RD Congo,L
Uziel,62,K,Uzbekistán,Colombia,V
Uziel,63,K,Portugal,Uzbekistán,L
Uziel,64,K,Colombia,RD Congo,L
Uziel,65,K,Colombia,Portugal,L
Uziel,66,K,RD Congo,Uzbekistán,E
Uziel,67,L,Inglaterra,Croacia,L
Uziel,68,L,Ghana,Panamá,L
Uziel,69,L,Inglaterra,Ghana,L
Uziel,70,L,Panamá,Croacia,V
Uziel,71,L,Panamá,Inglaterra,V
Uziel,72,L,Croacia,Ghana,L
LOE,1,A,México,Sudáfrica,L
LOE,2,A,Corea del Sur,Chequia,E
LOE,3,A,Chequia,Sudáfrica,L
LOE,4,A,México,Corea del Sur,L
LOE,5,A,Sudáfrica,Corea del Sur,L
LOE,6,A,Chequia,México,V
LOE,7,B,Canadá,Bosnia y Herzegovina,L
LOE,8,B,Qatar,Suiza,E
LOE,9,B,Suiza,Bosnia y Herzegovina,L
LOE,10,B,Canadá,Qatar,L
LOE,11,B,Suiza,Canadá,L
LOE,12,B,Bosnia y Herzegovina,Qatar,V
LOE,13,C,Brasil,Marruecos,L
LOE,14,C,Haití,Escocia,V
LOE,15,C,Escocia,Marruecos,V
LOE,16,C,Brasil,Haití,L
LOE,17,C,Escocia,Brasil,V
LOE,18,C,Marruecos,Haití,L
LOE,19,D,Estados Unidos,Paraguay,L
LOE,20,D,Australia,Turquía,E
LOE,21,D,Estados Unidos,Australia,L
LOE,22,D,Turquía,Paraguay,V
LOE,23,D,Turquía,Estados Unidos,V
LOE,24,D,Paraguay,Australia,V
LOE,25,E,Alemania,Curazao,L
LOE,26,E,Costa de Marfil,Ecuador,E
LOE,27,E,Alemania,Costa de Marfil,L
LOE,28,E,Ecuador,Curazao,L
LOE,29,E,Curazao,Costa de Marfil,V
LOE,30,E,Ecuador,Alemania,V
LOE,31,F,Países Bajos,Japón,L
LOE,32,F,Suecia,Túnez,E
LOE,33,F,Países Bajos,Suecia,L
LOE,34,F,Túnez,Japón,L
LOE,35,F,Japón,Suecia,V
LOE,36,F,Túnez,Países Bajos,V
LOE,37,G,Bélgica,Egipto,L
LOE,38,G,Irán,Nueva Zelanda,L
LOE,39,G,Bélgica,Irán,L
LOE,40,G,Nueva Zelanda,Egipto,L
LOE,41,G,Egipto,Irán,V
LOE,42,G,Nueva Zelanda,Bélgica,V
LOE,43,H,España,Cabo Verde,L
LOE,44,H,Arabia Saudita,Uruguay,V
LOE,45,H,España,Arabia Saudita,L
LOE,46,H,Uruguay,Cabo Verde,L
LOE,47,H,Cabo Verde,Arabia Saudita,V
LOE,48,H,Uruguay,España,V
LOE,49,I,Francia,Senegal,L
LOE,50,I,Irak,Noruega,V
LOE,51,I,Francia,Irak,L
LOE,52,I,Noruega,Senegal,V
LOE,53,I,Noruega,Francia,V
LOE,54,I,Senegal,Irak,L
LOE,55,J,Argentina,Argelia,L
LOE,56,J,Austria,Jordania,E
LOE,57,J,Argentina,Austria,L
LOE,58,J,Jordania,Argelia,V
LOE,59,J,Argelia,Austria,V
LOE,60,J,Jordania,Argentina,V
LOE,61,K,Portugal,RD Congo,L
LOE,62,K,Uzbekistán,Colombia,V
LOE,63,K,Portugal,Uzbekistán,L
LOE,64,K,Colombia,RD Congo,L
LOE,65,K,Colombia,Portugal,V
LOE,66,K,RD Congo,Uzbekistán,L
LOE,67,L,Inglaterra,Croacia,L
LOE,68,L,Ghana,Panamá,E
LOE,69,L,Inglaterra,Ghana,L
LOE,70,L,Panamá,Croacia,V
LOE,71,L,Panamá,Inglaterra,V
LOE,72,L,Croacia,Ghana,L
Mario Papá,1,A,México,Sudáfrica,E
Mario Papá,2,A,Corea del Sur,Chequia,E
Mario Papá,3,A,Chequia,Sudáfrica,L
Mario Papá,4,A,México,Corea del Sur,L
Mario Papá,5,A,Sudáfrica,Corea del Sur,V
Mario Papá,6,A,Chequia,México,E
Mario Papá,7,B,Canadá,Bosnia y Herzegovina,L
Mario Papá,8,B,Qatar,Suiza,V
Mario Papá,9,B,Suiza,Bosnia y Herzegovina,L
Mario Papá,10,B,Canadá,Qatar,L
Mario Papá,11,B,Suiza,Canadá,V
Mario Papá,12,B,Bosnia y Herzegovina,Qatar,L
Mario Papá,13,C,Brasil,Marruecos,L
Mario Papá,14,C,Haití,Escocia,L
Mario Papá,15,C,Escocia,Marruecos,V
Mario Papá,16,C,Brasil,Haití,L
Mario Papá,17,C,Escocia,Brasil,V
Mario Papá,18,C,Marruecos,Haití,L
Mario Papá,19,D,Estados Unidos,Paraguay,L
Mario Papá,20,D,Australia,Turquía,E
Mario Papá,21,D,Estados Unidos,Australia,L
Mario Papá,22,D,Turquía,Paraguay,E
Mario Papá,23,D,Turquía,Estados Unidos,V
Mario Papá,24,D,Paraguay,Australia,L
Mario Papá,25,E,Alemania,Curazao,L
Mario Papá,26,E,Costa de Marfil,Ecuador,L
Mario Papá,27,E,Alemania,Costa de Marfil,E
Mario Papá,28,E,Ecuador,Curazao,L
Mario Papá,29,E,Curazao,Costa de Marfil,V
Mario Papá,30,E,Ecuador,Alemania,E
Mario Papá,31,F,Países Bajos,Japón,L
Mario Papá,32,F,Suecia,Túnez,L
Mario Papá,33,F,Países Bajos,Suecia,L
Mario Papá,34,F,Túnez,Japón,V
Mario Papá,35,F,Japón,Suecia,V
Mario Papá,36,F,Túnez,Países Bajos,V
Mario Papá,37,G,Bélgica,Egipto,L
Mario Papá,38,G,Irán,Nueva Zelanda,L
Mario Papá,39,G,Bélgica,Irán,L
Mario Papá,40,G,Nueva Zelanda,Egipto,V
Mario Papá,41,G,Egipto,Irán,L
Mario Papá,42,G,Nueva Zelanda,Bélgica,V
Mario Papá,43,H,España,Cabo Verde,L
Mario Papá,44,H,Arabia Saudita,Uruguay,E
Mario Papá,45,H,España,Arabia Saudita,L
Mario Papá,46,H,Uruguay,Cabo Verde,L
Mario Papá,47,H,Cabo Verde,Arabia Saudita,V
Mario Papá,48,H,Uruguay,España,V
Mario Papá,49,I,Francia,Senegal,L
Mario Papá,50,I,Irak,Noruega,V
Mario Papá,51,I,Francia,Irak,L
Mario Papá,52,I,Noruega,Senegal,V
Mario Papá,53,I,Noruega,Francia,V
Mario Papá,54,I,Senegal,Irak,L
Mario Papá,55,J,Argentina,Argelia,E
Mario Papá,56,J,Austria,Jordania,L
Mario Papá,57,J,Argentina,Austria,L
Mario Papá,58,J,Jordania,Argelia,V
Mario Papá,59,J,Argelia,Austria,E
Mario Papá,60,J,Jordania,Argentina,V
Mario Papá,61,K,Portugal,RD Congo,L
Mario Papá,62,K,Uzbekistán,Colombia,V
Mario Papá,63,K,Portugal,Uzbekistán,L
Mario Papá,64,K,Colombia,RD Congo,L
Mario Papá,65,K,Colombia,Portugal,E
Mario Papá,66,K,RD Congo,Uzbekistán,V
Mario Papá,67,L,Inglaterra,Croacia,L
Mario Papá,68,L,Ghana,Panamá,V
Mario Papá,69,L,Inglaterra,Ghana,L
Mario Papá,70,L,Panamá,Croacia,E
Mario Papá,71,L,Panamá,Inglaterra,V
Mario Papá,72,L,Croacia,Ghana,L
Josue,1,A,México,Sudáfrica,L
Josue,2,A,Corea del Sur,Chequia,L
Josue,3,A,Chequia,Sudáfrica,L
Josue,4,A,México,Corea del Sur,L
Josue,5,A,Sudáfrica,Corea del Sur,V
Josue,6,A,Chequia,México,E
Josue,7,B,Canadá,Bosnia y Herzegovina,L
Josue,8,B,Qatar,Suiza,V
Josue,9,B,Suiza,Bosnia y Herzegovina,L
Josue,10,B,Canadá,Qatar,L
Josue,11,B,Suiza,Canadá,E
Josue,12,B,Bosnia y Herzegovina,Qatar,V
Josue,13,C,Brasil,Marruecos,L
Josue,14,C,Haití,Escocia,V
Josue,15,C,Escocia,Marruecos,V
Josue,16,C,Brasil,Haití,L
Josue,17,C,Escocia,Brasil,V
Josue,18,C,Marruecos,Haití,L
Josue,19,D,Estados Unidos,Paraguay,E
Josue,20,D,Australia,Turquía,V
Josue,21,D,Estados Unidos,Australia,E
Josue,22,D,Turquía,Paraguay,E
Josue,23,D,Turquía,Estados Unidos,V
Josue,24,D,Paraguay,Australia,E
Josue,25,E,Alemania,Curazao,L
Josue,26,E,Costa de Marfil,Ecuador,V
Josue,27,E,Alemania,Costa de Marfil,L
Josue,28,E,Ecuador,Curazao,L
Josue,29,E,Curazao,Costa de Marfil,V
Josue,30,E,Ecuador,Alemania,E
Josue,31,F,Países Bajos,Japón,V
Josue,32,F,Suecia,Túnez,L
Josue,33,F,Países Bajos,Suecia,L
Josue,34,F,Túnez,Japón,V
Josue,35,F,Japón,Suecia,L
Josue,36,F,Túnez,Países Bajos,V
Josue,37,G,Bélgica,Egipto,L
Josue,38,G,Irán,Nueva Zelanda,L
Josue,39,G,Bélgica,Irán,L
Josue,40,G,Nueva Zelanda,Egipto,E
Josue,41,G,Egipto,Irán,L
Josue,42,G,Nueva Zelanda,Bélgica,V
Josue,43,H,España,Cabo Verde,L
Josue,44,H,Arabia Saudita,Uruguay,V
Josue,45,H,España,Arabia Saudita,L
Josue,46,H,Uruguay,Cabo Verde,L
Josue,47,H,Cabo Verde,Arabia Saudita,V
Josue,48,H,Uruguay,España,E
Josue,49,I,Francia,Senegal,L
Josue,50,I,Irak,Noruega,V
Josue,51,I,Francia,Irak,L
Josue,52,I,Noruega,Senegal,E
Josue,53,I,Noruega,Francia,E
Josue,54,I,Senegal,Irak,L
Josue,55,J,Argentina,Argelia,L
Josue,56,J,Austria,Jordania,L
Josue,57,J,Argentina,Austria,L
Josue,58,J,Jordania,Argelia,V
Josue,59,J,Argelia,Austria,V
Josue,60,J,Jordania,Argentina,V
Josue,61,K,Portugal,RD Congo,L
Josue,62,K,Uzbekistán,Colombia,V
Josue,63,K,Portugal,Uzbekistán,L
Josue,64,K,Colombia,RD Congo,L
Josue,65,K,Colombia,Portugal,V
Josue,66,K,RD Congo,Uzbekistán,V
Josue,67,L,Inglaterra,Croacia,L
Josue,68,L,Ghana,Panamá,L
Josue,69,L,Inglaterra,Ghana,E
Josue,70,L,Panamá,Croacia,V
Josue,71,L,Panamá,Inglaterra,V
Josue,72,L,Croacia,Ghana,E
Armando,1,A,México,Sudáfrica,L
Armando,2,A,Corea del Sur,Chequia,E
Armando,3,A,Chequia,Sudáfrica,L
Armando,4,A,México,Corea del Sur,E
Armando,5,A,Sudáfrica,Corea del Sur,V
Armando,6,A,Chequia,México,V
Armando,7,B,Canadá,Bosnia y Herzegovina,L
Armando,8,B,Qatar,Suiza,V
Armando,9,B,Suiza,Bosnia y Herzegovina,L
Armando,10,B,Canadá,Qatar,L
Armando,11,B,Suiza,Canadá,E
Armando,12,B,Bosnia y Herzegovina,Qatar,L
Armando,13,C,Brasil,Marruecos,L
Armando,14,C,Haití,Escocia,V
Armando,15,C,Escocia,Marruecos,V
Armando,16,C,Brasil,Haití,L
Armando,17,C,Escocia,Brasil,V
Armando,18,C,Marruecos,Haití,L
Armando,19,D,Estados Unidos,Paraguay,L
Armando,20,D,Australia,Turquía,E
Armando,21,D,Estados Unidos,Australia,E
Armando,22,D,Turquía,Paraguay,L
Armando,23,D,Turquía,Estados Unidos,V
Armando,24,D,Paraguay,Australia,V
Armando,25,E,Alemania,Curazao,L
Armando,26,E,Costa de Marfil,Ecuador,E
Armando,27,E,Alemania,Costa de Marfil,L
Armando,28,E,Ecuador,Curazao,L
Armando,29,E,Curazao,Costa de Marfil,V
Armando,30,E,Ecuador,Alemania,E
Armando,31,F,Países Bajos,Japón,E
Armando,32,F,Suecia,Túnez,L
Armando,33,F,Países Bajos,Suecia,E
Armando,34,F,Túnez,Japón,V
Armando,35,F,Japón,Suecia,V
Armando,36,F,Túnez,Países Bajos,V
Armando,37,G,Bélgica,Egipto,E
Armando,38,G,Irán,Nueva Zelanda,E
Armando,39,G,Bélgica,Irán,L
Armando,40,G,Nueva Zelanda,Egipto,V
Armando,41,G,Egipto,Irán,L
Armando,42,G,Nueva Zelanda,Bélgica,V
Armando,43,H,España,Cabo Verde,L
Armando,44,H,Arabia Saudita,Uruguay,V
Armando,45,H,España,Arabia Saudita,L
Armando,46,H,Uruguay,Cabo Verde,L
Armando,47,H,Cabo Verde,Arabia Saudita,L
Armando,48,H,Uruguay,España,V
Armando,49,I,Francia,Senegal,L
Armando,50,I,Irak,Noruega,V
Armando,51,I,Francia,Irak,L
Armando,52,I,Noruega,Senegal,E
Armando,53,I,Noruega,Francia,V
Armando,54,I,Senegal,Irak,L
Armando,55,J,Argentina,Argelia,L
Armando,56,J,Austria,Jordania,L
Armando,57,J,Argentina,Austria,L
Armando,58,J,Jordania,Argelia,E
Armando,59,J,Argelia,Austria,L
Armando,60,J,Jordania,Argentina,V
Armando,61,K,Portugal,RD Congo,L
Armando,62,K,Uzbekistán,Colombia,V
Armando,63,K,Portugal,Uzbekistán,L
Armando,64,K,Colombia,RD Congo,L
Armando,65,K,Colombia,Portugal,L
Armando,66,K,RD Congo,Uzbekistán,L
Armando,67,L,Inglaterra,Croacia,E
Armando,68,L,Ghana,Panamá,V
Armando,69,L,Inglaterra,Ghana,L
Armando,70,L,Panamá,Croacia,E
Armando,71,L,Panamá,Inglaterra,V
Armando,72,L,Croacia,Ghana,L
Santiago,1,A,México,Sudáfrica,L
Santiago,2,A,Corea del Sur,Chequia,E
Santiago,3,A,Chequia,Sudáfrica,V
Santiago,4,A,México,Corea del Sur,L
Santiago,5,A,Sudáfrica,Corea del Sur,V
Santiago,6,A,Chequia,México,E
Santiago,7,B,Canadá,Bosnia y Herzegovina,L
Santiago,8,B,Qatar,Suiza,V
Santiago,9,B,Suiza,Bosnia y Herzegovina,E
Santiago,10,B,Canadá,Qatar,L
Santiago,11,B,Suiza,Canadá,E
Santiago,12,B,Bosnia y Herzegovina,Qatar,L
Santiago,13,C,Brasil,Marruecos,E
Santiago,14,C,Haití,Escocia,V
Santiago,15,C,Escocia,Marruecos,V
Santiago,16,C,Brasil,Haití,L
Santiago,17,C,Escocia,Brasil,V
Santiago,18,C,Marruecos,Haití,L
Santiago,19,D,Estados Unidos,Paraguay,L
Santiago,20,D,Australia,Turquía,V
Santiago,21,D,Estados Unidos,Australia,E
Santiago,22,D,Turquía,Paraguay,L
Santiago,23,D,Turquía,Estados Unidos,E
Santiago,24,D,Paraguay,Australia,E
Santiago,25,E,Alemania,Curazao,L
Santiago,26,E,Costa de Marfil,Ecuador,E
Santiago,27,E,Alemania,Costa de Marfil,L
Santiago,28,E,Ecuador,Curazao,L
Santiago,29,E,Curazao,Costa de Marfil,V
Santiago,30,E,Ecuador,Alemania,E
Santiago,31,F,Países Bajos,Japón,E
Santiago,32,F,Suecia,Túnez,L
Santiago,33,F,Países Bajos,Suecia,L
Santiago,34,F,Túnez,Japón,V
Santiago,35,F,Japón,Suecia,E
Santiago,36,F,Túnez,Países Bajos,E
Santiago,37,G,Bélgica,Egipto,L
Santiago,38,G,Irán,Nueva Zelanda,E
Santiago,39,G,Bélgica,Irán,L
Santiago,40,G,Nueva Zelanda,Egipto,L
Santiago,41,G,Egipto,Irán,V
Santiago,42,G,Nueva Zelanda,Bélgica,E
Santiago,43,H,España,Cabo Verde,L
Santiago,44,H,Arabia Saudita,Uruguay,E
Santiago,45,H,España,Arabia Saudita,L
Santiago,46,H,Uruguay,Cabo Verde,L
Santiago,47,H,Cabo Verde,Arabia Saudita,V
Santiago,48,H,Uruguay,España,L
Santiago,49,I,Francia,Senegal,L
Santiago,50,I,Irak,Noruega,V
Santiago,51,I,Francia,Irak,L
Santiago,52,I,Noruega,Senegal,V
Santiago,53,I,Noruega,Francia,V
Santiago,54,I,Senegal,Irak,L
Santiago,55,J,Argentina,Argelia,L
Santiago,56,J,Austria,Jordania,E
Santiago,57,J,Argentina,Austria,L
Santiago,58,J,Jordania,Argelia,V
Santiago,59,J,Argelia,Austria,V
Santiago,60,J,Jordania,Argentina,V
Santiago,61,K,Portugal,RD Congo,L
Santiago,62,K,Uzbekistán,Colombia,V
Santiago,63,K,Portugal,Uzbekistán,L
Santiago,64,K,Colombia,RD Congo,L
Santiago,65,K,Colombia,Portugal,E
Santiago,66,K,RD Congo,Uzbekistán,L
Santiago,67,L,Inglaterra,Croacia,E
Santiago,68,L,Ghana,Panamá,V
Santiago,69,L,Inglaterra,Ghana,L
Santiago,70,L,Panamá,Croacia,E
Santiago,71,L,Panamá,Inglaterra,E
Santiago,72,L,Croacia,Ghana,L
Gogo,1,A,México,Sudáfrica,L
Gogo,2,A,Corea del Sur,Chequia,V
Gogo,3,A,Chequia,Sudáfrica,L
Gogo,4,A,México,Corea del Sur,L
Gogo,5,A,Sudáfrica,Corea del Sur,V
Gogo,6,A,Chequia,México,E
Gogo,7,B,Canadá,Bosnia y Herzegovina,L
Gogo,8,B,Qatar,Suiza,V
Gogo,9,B,Suiza,Bosnia y Herzegovina,L
Gogo,10,B,Canadá,Qatar,L
Gogo,11,B,Suiza,Canadá,L
Gogo,12,B,Bosnia y Herzegovina,Qatar,E
Gogo,13,C,Brasil,Marruecos,L
Gogo,14,C,Haití,Escocia,E
Gogo,15,C,Escocia,Marruecos,V
Gogo,16,C,Brasil,Haití,L
Gogo,17,C,Escocia,Brasil,V
Gogo,18,C,Marruecos,Haití,L
Gogo,19,D,Estados Unidos,Paraguay,V
Gogo,20,D,Australia,Turquía,V
Gogo,21,D,Estados Unidos,Australia,L
Gogo,22,D,Turquía,Paraguay,L
Gogo,23,D,Turquía,Estados Unidos,L
Gogo,24,D,Paraguay,Australia,L
Gogo,25,E,Alemania,Curazao,L
Gogo,26,E,Costa de Marfil,Ecuador,V
Gogo,27,E,Alemania,Costa de Marfil,L
Gogo,28,E,Ecuador,Curazao,L
Gogo,29,E,Curazao,Costa de Marfil,V
Gogo,30,E,Ecuador,Alemania,E
Gogo,31,F,Países Bajos,Japón,L
Gogo,32,F,Suecia,Túnez,L
Gogo,33,F,Países Bajos,Suecia,L
Gogo,34,F,Túnez,Japón,V
Gogo,35,F,Japón,Suecia,E
Gogo,36,F,Túnez,Países Bajos,V
Gogo,37,G,Bélgica,Egipto,L
Gogo,38,G,Irán,Nueva Zelanda,L
Gogo,39,G,Bélgica,Irán,L
Gogo,40,G,Nueva Zelanda,Egipto,L
Gogo,41,G,Egipto,Irán,V
Gogo,42,G,Nueva Zelanda,Bélgica,V
Gogo,43,H,España,Cabo Verde,L
Gogo,44,H,Arabia Saudita,Uruguay,V
Gogo,45,H,España,Arabia Saudita,L
Gogo,46,H,Uruguay,Cabo Verde,L
Gogo,47,H,Cabo Verde,Arabia Saudita,V
Gogo,48,H,Uruguay,España,V
Gogo,49,I,Francia,Senegal,L
Gogo,50,I,Irak,Noruega,E
Gogo,51,I,Francia,Irak,L
Gogo,52,I,Noruega,Senegal,V
Gogo,53,I,Noruega,Francia,V
Gogo,54,I,Senegal,Irak,E
Gogo,55,J,Argentina,Argelia,L
Gogo,56,J,Austria,Jordania,L
Gogo,57,J,Argentina,Austria,L
Gogo,58,J,Jordania,Argelia,V
Gogo,59,J,Argelia,Austria,E
Gogo,60,J,Jordania,Argentina,V
Gogo,61,K,Portugal,RD Congo,L
Gogo,62,K,Uzbekistán,Colombia,V
Gogo,63,K,Portugal,Uzbekistán,L
Gogo,64,K,Colombia,RD Congo,L
Gogo,65,K,Colombia,Portugal,L
Gogo,66,K,RD Congo,Uzbekistán,V
Gogo,67,L,Inglaterra,Croacia,L
Gogo,68,L,Ghana,Panamá,E
Gogo,69,L,Inglaterra,Ghana,L
Gogo,70,L,Panamá,Croacia,V
Gogo,71,L,Panamá,Inglaterra,V
Gogo,72,L,Croacia,Ghana,L
Gustavo,1,A,México,Sudáfrica,L
Gustavo,2,A,Corea del Sur,Chequia,L
Gustavo,3,A,Chequia,Sudáfrica,L
Gustavo,4,A,México,Corea del Sur,E
Gustavo,5,A,Sudáfrica,Corea del Sur,E
Gustavo,6,A,Chequia,México,V
Gustavo,7,B,Canadá,Bosnia y Herzegovina,V
Gustavo,8,B,Qatar,Suiza,V
Gustavo,9,B,Suiza,Bosnia y Herzegovina,E
Gustavo,10,B,Canadá,Qatar,L
Gustavo,11,B,Suiza,Canadá,L
Gustavo,12,B,Bosnia y Herzegovina,Qatar,L
Gustavo,13,C,Brasil,Marruecos,L
Gustavo,14,C,Haití,Escocia,V
Gustavo,15,C,Escocia,Marruecos,V
Gustavo,16,C,Brasil,Haití,L
Gustavo,17,C,Escocia,Brasil,V
Gustavo,18,C,Marruecos,Haití,L
Gustavo,19,D,Estados Unidos,Paraguay,L
Gustavo,20,D,Australia,Turquía,E
Gustavo,21,D,Estados Unidos,Australia,L
Gustavo,22,D,Turquía,Paraguay,L
Gustavo,23,D,Turquía,Estados Unidos,V
Gustavo,24,D,Paraguay,Australia,E
Gustavo,25,E,Alemania,Curazao,L
Gustavo,26,E,Costa de Marfil,Ecuador,E
Gustavo,27,E,Alemania,Costa de Marfil,L
Gustavo,28,E,Ecuador,Curazao,L
Gustavo,29,E,Curazao,Costa de Marfil,V
Gustavo,30,E,Ecuador,Alemania,V
Gustavo,31,F,Países Bajos,Japón,L
Gustavo,32,F,Suecia,Túnez,L
Gustavo,33,F,Países Bajos,Suecia,L
Gustavo,34,F,Túnez,Japón,V
Gustavo,35,F,Japón,Suecia,L
Gustavo,36,F,Túnez,Países Bajos,V
Gustavo,37,G,Bélgica,Egipto,L
Gustavo,38,G,Irán,Nueva Zelanda,E
Gustavo,39,G,Bélgica,Irán,L
Gustavo,40,G,Nueva Zelanda,Egipto,V
Gustavo,41,G,Egipto,Irán,L
Gustavo,42,G,Nueva Zelanda,Bélgica,V
Gustavo,43,H,España,Cabo Verde,L
Gustavo,44,H,Arabia Saudita,Uruguay,V
Gustavo,45,H,España,Arabia Saudita,L
Gustavo,46,H,Uruguay,Cabo Verde,L
Gustavo,47,H,Cabo Verde,Arabia Saudita,V
Gustavo,48,H,Uruguay,España,E
Gustavo,49,I,Francia,Senegal,L
Gustavo,50,I,Irak,Noruega,V
Gustavo,51,I,Francia,Irak,L
Gustavo,52,I,Noruega,Senegal,E
Gustavo,53,I,Noruega,Francia,V
Gustavo,54,I,Senegal,Irak,L
Gustavo,55,J,Argentina,Argelia,L
Gustavo,56,J,Austria,Jordania,L
Gustavo,57,J,Argentina,Austria,L
Gustavo,58,J,Jordania,Argelia,V
Gustavo,59,J,Argelia,Austria,E
Gustavo,60,J,Jordania,Argentina,V
Gustavo,61,K,Portugal,RD Congo,L
Gustavo,62,K,Uzbekistán,Colombia,V
Gustavo,63,K,Portugal,Uzbekistán,L
Gustavo,64,K,Colombia,RD Congo,E
Gustavo,65,K,Colombia,Portugal,V
Gustavo,66,K,RD Congo,Uzbekistán,V
Gustavo,67,L,Inglaterra,Croacia,E
Gustavo,68,L,Ghana,Panamá,L
Gustavo,69,L,Inglaterra,Ghana,L
Gustavo,70,L,Panamá,Croacia,V
Gustavo,71,L,Panamá,Inglaterra,V
Gustavo,72,L,Croacia,Ghana,L
Katia,1,A,México,Sudáfrica,L
Katia,2,A,Corea del Sur,Chequia,E
Katia,3,A,Chequia,Sudáfrica,L
Katia,4,A,México,Corea del Sur,E
Katia,5,A,Sudáfrica,Corea del Sur,L
Katia,6,A,Chequia,México,V
Katia,7,B,Canadá,Bosnia y Herzegovina,E
Katia,8,B,Qatar,Suiza,V
Katia,9,B,Suiza,Bosnia y Herzegovina,L
Katia,10,B,Canadá,Qatar,L
Katia,11,B,Suiza,Canadá,E
Katia,12,B,Bosnia y Herzegovina,Qatar,L
Katia,13,C,Brasil,Marruecos,L
Katia,14,C,Haití,Escocia,V
Katia,15,C,Escocia,Marruecos,L
Katia,16,C,Brasil,Haití,L
Katia,17,C,Escocia,Brasil,V
Katia,18,C,Marruecos,Haití,L
Katia,19,D,Estados Unidos,Paraguay,L
Katia,20,D,Australia,Turquía,V
Katia,21,D,Estados Unidos,Australia,L
Katia,22,D,Turquía,Paraguay,E
Katia,23,D,Turquía,Estados Unidos,L
Katia,24,D,Paraguay,Australia,E
Katia,25,E,Alemania,Curazao,L
Katia,26,E,Costa de Marfil,Ecuador,V
Katia,27,E,Alemania,Costa de Marfil,L
Katia,28,E,Ecuador,Curazao,L
Katia,29,E,Curazao,Costa de Marfil,V
Katia,30,E,Ecuador,Alemania,V
Katia,31,F,Países Bajos,Japón,L
Katia,32,F,Suecia,Túnez,L
Katia,33,F,Países Bajos,Suecia,L
Katia,34,F,Túnez,Japón,V
Katia,35,F,Japón,Suecia,V
Katia,36,F,Túnez,Países Bajos,V
Katia,37,G,Bélgica,Egipto,L
Katia,38,G,Irán,Nueva Zelanda,E
Katia,39,G,Bélgica,Irán,L
Katia,40,G,Nueva Zelanda,Egipto,V
Katia,41,G,Egipto,Irán,L
Katia,42,G,Nueva Zelanda,Bélgica,V
Katia,43,H,España,Cabo Verde,L
Katia,44,H,Arabia Saudita,Uruguay,V
Katia,45,H,España,Arabia Saudita,L
Katia,46,H,Uruguay,Cabo Verde,L
Katia,47,H,Cabo Verde,Arabia Saudita,V
Katia,48,H,Uruguay,España,V
Katia,49,I,Francia,Senegal,L
Katia,50,I,Irak,Noruega,V
Katia,51,I,Francia,Irak,L
Katia,52,I,Noruega,Senegal,L
Katia,53,I,Noruega,Francia,V
Katia,54,I,Senegal,Irak,L
Katia,55,J,Argentina,Argelia,L
Katia,56,J,Austria,Jordania,L
Katia,57,J,Argentina,Austria,L
Katia,58,J,Jordania,Argelia,V
Katia,59,J,Argelia,Austria,V
Katia,60,J,Jordania,Argentina,V
Katia,61,K,Portugal,RD Congo,L
Katia,62,K,Uzbekistán,Colombia,V
Katia,63,K,Portugal,Uzbekistán,L
Katia,64,K,Colombia,RD Congo,L
Katia,65,K,Colombia,Portugal,V
Katia,66,K,RD Congo,Uzbekistán,L
Katia,67,L,Inglaterra,Croacia,L
Katia,68,L,Ghana,Panamá,V
Katia,69,L,Inglaterra,Ghana,L
Katia,70,L,Panamá,Croacia,V
Katia,71,L,Panamá,Inglaterra,V
Katia,72,L,Croacia,Ghana,L
Luis Alva,1,A,México,Sudáfrica,L
Luis Alva,2,A,Corea del Sur,Chequia,L
Luis Alva,3,A,Chequia,Sudáfrica,L
Luis Alva,4,A,México,Corea del Sur,L
Luis Alva,5,A,Sudáfrica,Corea del Sur,V
Luis Alva,6,A,Chequia,México,V
Luis Alva,7,B,Canadá,Bosnia y Herzegovina,L
Luis Alva,8,B,Qatar,Suiza,V
Luis Alva,9,B,Suiza,Bosnia y Herzegovina,L
Luis Alva,10,B,Canadá,Qatar,L
Luis Alva,11,B,Suiza,Canadá,E
Luis Alva,12,B,Bosnia y Herzegovina,Qatar,L
Luis Alva,13,C,Brasil,Marruecos,V
Luis Alva,14,C,Haití,Escocia,V
Luis Alva,15,C,Escocia,Marruecos,V
Luis Alva,16,C,Brasil,Haití,L
Luis Alva,17,C,Escocia,Brasil,V
Luis Alva,18,C,Marruecos,Haití,L
Luis Alva,19,D,Estados Unidos,Paraguay,L
Luis Alva,20,D,Australia,Turquía,V
Luis Alva,21,D,Estados Unidos,Australia,L
Luis Alva,22,D,Turquía,Paraguay,L
Luis Alva,23,D,Turquía,Estados Unidos,E
Luis Alva,24,D,Paraguay,Australia,L
Luis Alva,25,E,Alemania,Curazao,L
Luis Alva,26,E,Costa de Marfil,Ecuador,E
Luis Alva,27,E,Alemania,Costa de Marfil,L
Luis Alva,28,E,Ecuador,Curazao,L
Luis Alva,29,E,Curazao,Costa de Marfil,V
Luis Alva,30,E,Ecuador,Alemania,V
Luis Alva,31,F,Países Bajos,Japón,L
Luis Alva,32,F,Suecia,Túnez,L
Luis Alva,33,F,Países Bajos,Suecia,L
Luis Alva,34,F,Túnez,Japón,V
Luis Alva,35,F,Japón,Suecia,L
Luis Alva,36,F,Túnez,Países Bajos,V
Luis Alva,37,G,Bélgica,Egipto,L
Luis Alva,38,G,Irán,Nueva Zelanda,L
Luis Alva,39,G,Bélgica,Irán,L
Luis Alva,40,G,Nueva Zelanda,Egipto,E
Luis Alva,41,G,Egipto,Irán,L
Luis Alva,42,G,Nueva Zelanda,Bélgica,V
Luis Alva,43,H,España,Cabo Verde,L
Luis Alva,44,H,Arabia Saudita,Uruguay,V
Luis Alva,45,H,España,Arabia Saudita,L
Luis Alva,46,H,Uruguay,Cabo Verde,L
Luis Alva,47,H,Cabo Verde,Arabia Saudita,V
Luis Alva,48,H,Uruguay,España,V
Luis Alva,49,I,Francia,Senegal,L
Luis Alva,50,I,Irak,Noruega,V
Luis Alva,51,I,Francia,Irak,L
Luis Alva,52,I,Noruega,Senegal,L
Luis Alva,53,I,Noruega,Francia,E
Luis Alva,54,I,Senegal,Irak,L
Luis Alva,55,J,Argentina,Argelia,E
Luis Alva,56,J,Austria,Jordania,L
Luis Alva,57,J,Argentina,Austria,L
Luis Alva,58,J,Jordania,Argelia,V
Luis Alva,59,J,Argelia,Austria,E
Luis Alva,60,J,Jordania,Argentina,V
Luis Alva,61,K,Portugal,RD Congo,L
Luis Alva,62,K,Uzbekistán,Colombia,V
Luis Alva,63,K,Portugal,Uzbekistán,L
Luis Alva,64,K,Colombia,RD Congo,L
Luis Alva,65,K,Colombia,Portugal,L
Luis Alva,66,K,RD Congo,Uzbekistán,V
Luis Alva,67,L,Inglaterra,Croacia,L
Luis Alva,68,L,Ghana,Panamá,E
Luis Alva,69,L,Inglaterra,Ghana,L
Luis Alva,70,L,Panamá,Croacia,V
Luis Alva,71,L,Panamá,Inglaterra,V
Luis Alva,72,L,Croacia,Ghana,L
Mario,1,A,México,Sudáfrica,L
Mario,2,A,Corea del Sur,Chequia,E
Mario,3,A,Chequia,Sudáfrica,L
Mario,4,A,México,Corea del Sur,E
Mario,5,A,Sudáfrica,Corea del Sur,V
Mario,6,A,Chequia,México,V
Mario,7,B,Canadá,Bosnia y Herzegovina,L
Mario,8,B,Qatar,Suiza,V
Mario,9,B,Suiza,Bosnia y Herzegovina,L
Mario,10,B,Canadá,Qatar,L
Mario,11,B,Suiza,Canadá,E
Mario,12,B,Bosnia y Herzegovina,Qatar,E
Mario,13,C,Brasil,Marruecos,V
Mario,14,C,Haití,Escocia,E
Mario,15,C,Escocia,Marruecos,V
Mario,16,C,Brasil,Haití,L
Mario,17,C,Escocia,Brasil,V
Mario,18,C,Marruecos,Haití,L
Mario,19,D,Estados Unidos,Paraguay,V
Mario,20,D,Australia,Turquía,V
Mario,21,D,Estados Unidos,Australia,L
Mario,22,D,Turquía,Paraguay,E
Mario,23,D,Turquía,Estados Unidos,E
Mario,24,D,Paraguay,Australia,E
Mario,25,E,Alemania,Curazao,L
Mario,26,E,Costa de Marfil,Ecuador,V
Mario,27,E,Alemania,Costa de Marfil,L
Mario,28,E,Ecuador,Curazao,L
Mario,29,E,Curazao,Costa de Marfil,V
Mario,30,E,Ecuador,Alemania,V
Mario,31,F,Países Bajos,Japón,E
Mario,32,F,Suecia,Túnez,L
Mario,33,F,Países Bajos,Suecia,L
Mario,34,F,Túnez,Japón,V
Mario,35,F,Japón,Suecia,E
Mario,36,F,Túnez,Países Bajos,V
Mario,37,G,Bélgica,Egipto,L
Mario,38,G,Irán,Nueva Zelanda,L
Mario,39,G,Bélgica,Irán,L
Mario,40,G,Nueva Zelanda,Egipto,V
Mario,41,G,Egipto,Irán,E
Mario,42,G,Nueva Zelanda,Bélgica,V
Mario,43,H,España,Cabo Verde,L
Mario,44,H,Arabia Saudita,Uruguay,E
Mario,45,H,España,Arabia Saudita,L
Mario,46,H,Uruguay,Cabo Verde,L
Mario,47,H,Cabo Verde,Arabia Saudita,V
Mario,48,H,Uruguay,España,L
Mario,49,I,Francia,Senegal,L
Mario,50,I,Irak,Noruega,V
Mario,51,I,Francia,Irak,L
Mario,52,I,Noruega,Senegal,E
Mario,53,I,Noruega,Francia,V
Mario,54,I,Senegal,Irak,L
Mario,55,J,Argentina,Argelia,L
Mario,56,J,Austria,Jordania,L
Mario,57,J,Argentina,Austria,L
Mario,58,J,Jordania,Argelia,E
Mario,59,J,Argelia,Austria,E
Mario,60,J,Jordania,Argentina,V
Mario,61,K,Portugal,RD Congo,L
Mario,62,K,Uzbekistán,Colombia,V
Mario,63,K,Portugal,Uzbekistán,L
Mario,64,K,Colombia,RD Congo,L
Mario,65,K,Colombia,Portugal,V
Mario,66,K,RD Congo,Uzbekistán,L
Mario,67,L,Inglaterra,Croacia,L
Mario,68,L,Ghana,Panamá,E
Mario,69,L,Inglaterra,Ghana,L
Mario,70,L,Panamá,Croacia,V
Mario,71,L,Panamá,Inglaterra,V
Mario,72,L,Croacia,Ghana,L
